{
  "environment": "web",
  "format": "html",
  "prefix": "https://storage.googleapis.com",
  "mainga": "UA-49880327-14",
  "updated": "2020-12-01T13:08:15Z",
  "id": "12.1OkHttpAPI",
  "duration": 60,
  "title": "Using OkHttp",
  "authors": "Stephen Smith",
  "summary": "In this codelab, you'll build a demonstration app to allow you to retrieve data in a JSON format from a web based API.",
  "source": "1gaHbqrgZJNp4tqC_jdkpyrU8uTeG59cMf-VktLZ7wpM",
  "theme": "web",
  "status": [
    "published"
  ],
  "category": [
    "web"
  ],
  "tags": [
    "web"
  ],
  "feedback": "https://github.com/frustr8dlec/DemoJSONAPI/issues",
  "ga": "UA-52746336-1",
  "url": "12.1OkHttpAPI"
}
